id,web_name,team,now_cost,element_type,minutes,goals_scored,assists,clean_sheets,goals_conceded,own_goals,penalties_saved,penalties_missed,yellow_cards,red_cards,saves,bonus,total_points,dreamteam_count
1,Mustafi,1,51,2,1205,0,2,4,17,0,0,0,2,0,0,2,43,0
2,Bellerín,1,52,2,1156,1,0,4,18,0,0,0,2,0,0,4,44,0
3,Kolasinac,1,52,2,1694,0,2,4,26,0,0,0,4,0,0,1,55,0
4,Maitland-Niles,1,45,2,1382,0,2,3,22,0,0,0,4,1,0,3,41,1
5,Sokratis,1,48,2,1696,2,0,4,25,0,0,0,6,0,0,5,57,1
6,Monreal,1,50,2,270,0,0,1,4,0,0,0,0,0,0,1,10,0
7,Koscielny,1,50,2,0,0,0,0,0,0,0,0,0,0,0,0,0,0
8,Mavropanos,1,43,2,0,0,0,0,0,0,0,0,0,0,0,0,0,0
9,Jenkinson,1,45,2,0,0,0,0,0,0,0,0,0,0,0,0,0,0
10,Holding,1,44,2,580,0,0,1,9,0,0,0,1,0,0,2,16,0
11,Aubameyang,1,109,4,3136,22,5,10,44,0,0,0,3,1,0,37,205,5
12,Lacazette,1,92,4,1867,10,7,5,25,0,0,0,8,0,0,16,118,2
13,Nketiah,1,43,4,628,2,0,3,9,0,0,0,0,1,0,1,25,0
14,Leno,1,48,1,2649,0,0,7,39,0,1,0,2,0,113,10,114,1
15,Özil,1,69,3,1439,1,3,5,20,0,0,0,1,0,0,1,53,0
16,Mkhitaryan,1,67,3,110,0,0,1,0,0,0,0,1,0,0,0,4,0
18,Xhaka,1,51,3,2586,1,2,10,31,0,0,0,10,0,0,2,73,0
19,Torreira,1,47,3,1501,1,1,3,23,0,0,0,7,0,0,0,46,0
20,Elneny,1,42,3,0,0,0,0,0,0,0,0,0,0,0,0,0,6
21,Guendouzi,1,41,3,1744,0,2,3,31,0,0,0,6,0,0,2,48,0
106,David Luiz,1,57,2,2809,2,1,8,42,0,0,0,5,2,0,10,94,2
427,Martínez,1,44,1,770,0,0,3,9,0,0,0,2,0,34,1,33,0
467,Chambers,1,43,2,1102,1,1,3,15,0,0,0,5,0,0,5,42,0
469,Ceballos,1,52,3,1687,0,2,7,21,0,0,0,1,0,0,3,57,1
486,Cédric,1,48,2,1553,1,1,4,20,0,0,0,1,0,0,3,61,0
488,Pépé,1,89,3,2004,5,6,5,30,0,0,0,4,0,0,9,106,2
489,Nelson,1,53,3,622,1,1,2,7,0,0,0,1,0,0,0,30,0
490,Willock,1,47,3,838,1,1,1,16,0,0,0,2,0,0,0,41,0
504,Martinelli,1,42,4,656,3,1,2,9,0,0,0,1,0,0,5,39,0
515,Tierney,1,53,2,986,1,2,2,16,0,0,0,2,0,0,4,42,1
541,Saka,1,47,3,1746,1,6,7,18,0,0,0,6,0,0,4,71,0
576,Smith Rowe,1,43,3,96,0,0,1,0,0,0,0,0,0,0,0,4,0
585,John-Jules,1,44,4,0,0,0,0,0,0,0,0,0,0,0,0,0,0
617,Marí,1,44,2,113,0,0,1,0,0,0,0,0,0,0,1,8,0
636,Medley,1,40,2,0,0,0,0,0,0,0,0,0,0,0,0,0,0
646,Macey,1,40,1,0,0,0,0,0,0,0,0,0,0,0,0,0,0
647,Smith,1,40,2,0,0,0,0,0,0,0,0,0,0,0,0,0,0
22,El Mohamady,2,41,2,1024,1,1,2,28,0,0,0,1,0,0,7,39,0
23,Chester,2,42,2,0,0,0,0,0,0,0,0,0,0,0,0,0,0
24,Taylor,2,42,2,1088,0,0,2,25,0,0,0,2,0,0,0,22,0
25,Hause,2,44,2,1544,1,0,2,34,0,0,0,3,0,0,0,34,1
26,Kodjia,2,54,4,111,0,0,0,6,0,0,0,1,0,0,0,5,0
27,Nyland,2,43,1,537,0,0,1,12,0,0,0,0,0,15,0,15,0
28,Hourihane,2,57,3,1526,3,5,6,29,0,0,0,4,0,0,9,83,2
29,Grealish,2,59,3,3233,8,7,7,63,0,0,1,8,0,0,19,149,4
30,El Ghazi,2,52,3,2046,4,5,5,48,0,0,0,3,0,0,0,93,0
31,McGinn,2,52,3,2312,3,3,6,41,0,0,0,3,0,0,4,84,0
32,Green,2,48,3,0,0,0,0,0,0,0,0,0,0,0,0,0,0
33,Bjarnason,2,45,3,0,0,0,0,0,0,0,0,0,0,0,0,0,0
34,Davis,2,42,3,534,0,1,1,7,0,0,0,0,0,0,0,25,0
35,Lansbury,2,44,3,190,0,0,0,6,0,0,0,0,0,0,0,12,0
36,Jota,2,57,3,329,0,1,2,5,0,0,0,0,0,0,0,17,0
94,Heaton,2,43,1,1794,0,0,4,35,1,0,0,0,0,67,3,59,1
120,Drinkwater,2,44,3,317,0,0,0,11,0,0,0,1,0,0,0,6,0
309,Targett,2,43,2,2291,1,3,5,40,0,0,0,4,0,0,10,80,1
428,Wesley,2,54,4,1782,5,1,6,31,0,0,1,3,0,0,7,67,1
429,Steer,2,43,1,7,0,0,0,0,0,0,0,0,0,0,0,1,0
445,Mings,2,44,2,2902,2,2,6,53,0,0,0,7,0,0,9,90,1
452,Konsa,2,43,2,2038,1,2,5,39,0,0,0,3,0,0,4,65,1
455,Engels,2,43,2,1446,1,0,3,32,0,0,0,1,0,0,4,42,1
458,Guilbert,2,43,2,2038,0,2,6,36,0,0,0,7,0,0,4,62,1
465,Trézéguet,2,52,3,1936,6,2,6,29,0,0,0,2,1,0,7,98,2
470,Douglas Luiz,2,43,3,2604,3,2,8,51,0,0,0,8,0,0,5,90,0
474,Kalinic,2,42,1,0,0,0,0,0,0,0,0,0,0,0,0,0,0
491,Nakamba,2,44,3,1826,0,0,1,37,0,0,0,5,0,0,0,43,0
600,Vassilev,2,45,3,47,0,0,0,1,0,0,0,0,0,0,0,4,0
603,Reina,2,42,1,1080,0,0,2,20,0,1,0,1,0,33,4,41,2
613,Samatta,2,51,4,940,1,0,4,18,0,0,0,1,0,0,2,29,0
623,Bastón,2,53,4,16,0,0,0,2,0,0,0,0,0,0,0,2,0
659,Hayden,2,45,3,0,0,0,0,0,0,0,0,0,0,0,0,0,0
58,Steve Cook,3,50,2,2427,1,0,3,48,0,0,0,6,1,0,5,52,2
59,Aké,3,48,2,2503,2,2,4,46,0,0,0,2,0,0,6,79,1
60,Daniels,3,42,2,126,0,0,0,2,0,0,0,0,0,0,0,3,0
61,Mepham,3,43,2,911,1,0,1,19,0,0,0,1,0,0,2,27,1
62,Francis,3,43,2,964,0,0,1,21,0,0,0,3,1,0,1,16,0
63,Adam Smith,3,43,2,2055,0,1,4,40,0,0,0,7,0,0,3,49,1
64,Kelly,3,44,2,638,0,0,1,15,0,0,0,2,0,0,0,11,0
65,Rico,3,42,2,2333,0,5,6,38,0,0,0,6,0,0,10,84,2
66,Simpson,3,39,2,238,0,0,0,6,0,0,0,0,0,0,0,4,0
67,Callum Wilson,3,74,4,2906,8,6,4,53,0,0,0,9,0,0,8,116,1
68,King,3,61,4,2010,6,5,4,37,0,0,0,0,0,0,11,99,2
69,Solanke,3,51,4,1637,3,2,1,39,0,0,0,1,0,0,3,69,1
71,Surridge,3,43,4,25,0,0,0,2,0,0,0,0,0,0,0,4,0
72,Begovic,3,42,1,0,0,0,0,0,0,0,0,0,0,0,0,0,0
73,Boruc,3,42,1,0,0,0,0,0,0,0,0,0,0,0,0,0,0
74,Travers,3,42,1,90,0,0,0,3,0,0,0,0,0,2,0,1,0
75,Fraser,3,68,3,2061,1,5,4,34,0,0,0,2,0,0,2,73,0
76,Brooks,3,61,3,505,1,0,1,12,0,0,0,1,0,0,1,21,0
77,Stanislas,3,58,3,706,3,1,1,17,0,0,0,1,0,0,2,42,0
78,Ibe,3,46,3,48,0,0,0,1,0,0,0,0,0,0,0,2,0
79,Lewis Cook,3,50,3,1340,0,1,2,30,0,0,0,5,0,0,0,40,0
80,Surman,3,47,3,234,0,0,0,6,0,0,0,1,0,0,0,6,0
81,Gosling,3,48,3,1254,3,1,2,23,0,0,0,3,0,0,1,54,0
82,Lerma,3,48,3,2702,1,2,4,49,0,0,0,11,1,0,2,65,0
446,Stacey,3,43,2,1547,0,2,1,27,0,0,0,2,0,0,4,39,0
476,Billing,3,49,3,2526,1,1,5,41,0,0,0,8,0,0,5,68,1
492,Danjuma,3,58,3,625,0,1,2,12,0,0,0,0,0,0,0,24,0
494,Ramsdale,3,44,1,3330,0,1,5,62,0,1,0,0,0,128,13,126,4
505,Harry Wilson,3,57,3,1637,7,1,2,32,0,0,0,2,0,0,7,91,2
564,Saydee,3,45,3,0,0,0,0,0,0,0,0,0,0,0,0,0,0
565,Kilkenny,3,45,3,0,0,0,0,0,0,0,0,0,0,0,0,0,0
574,Dobre,3,44,3,0,0,0,0,0,0,0,0,0,0,0,0,0,0
37,Duffy,4,48,2,1232,1,0,3,18,0,0,0,2,0,0,1,44,0
38,Montoya,4,43,2,1892,0,1,6,32,0,0,0,5,0,0,3,62,1
39,Bernardo,4,43,2,675,0,0,1,17,0,0,0,1,0,0,3,21,0
40,Balogun,4,43,2,0,0,0,0,0,0,0,0,0,0,0,0,0,0
41,Bong,4,42,2,57,0,0,0,3,0,0,0,0,0,0,0,3,0
42,Dunk,4,48,2,3230,3,3,9,50,0,0,0,9,0,0,17,128,3
43,Clarke,4,43,2,0,0,0,0,0,0,0,0,0,0,0,0,0,0
44,Murray,4,54,4,785,1,1,2,10,0,0,0,0,0,0,0,36,0
45,Locadia,4,52,4,85,0,0,1,1,0,0,0,0,0,0,0,3,0
46,Andone,4,47,4,71,1,0,0,2,0,0,0,0,1,0,1,5,0
47,Ryan,4,47,1,3420,0,0,9,54,0,0,0,0,0,117,14,135,0
48,Button,4,39,1,0,0,0,0,0,0,0,0,0,0,0,0,0,2
49,Groß,4,62,3,1791,2,5,3,32,1,0,0,4,0,0,7,76,0
50,Jahanbakhsh,4,58,3,305,2,1,1,4,0,0,0,0,0,0,2,28,0
51,Izquierdo,4,54,3,0,0,0,0,0,0,0,0,0,0,0,0,0,0
52,Knockaert,4,53,3,0,0,0,0,0,0,0,0,0,0,0,0,0,0
53,Bissouma,4,50,3,1253,1,0,4,18,0,0,0,4,0,0,0,39,0
54,Pröpper,4,48,3,2826,1,2,6,46,1,0,0,4,0,0,2,78,0
55,March,4,46,3,1139,0,1,4,15,0,0,0,2,0,0,3,38,0
56,Kayal,4,42,3,0,0,0,0,0,0,0,0,0,0,0,0,0,3
57,Stephens,4,44,3,2525,0,1,6,42,0,0,0,8,0,0,1,63,0
421,Trossard,4,58,3,2004,5,5,4,34,0,0,0,0,0,0,9,104,3
475,Burn,4,45,2,2879,0,0,9,42,0,0,0,5,0,0,3,86,0
493,Webster,4,44,2,2668,3,1,5,44,1,0,0,4,0,0,7,88,1
502,Maupay,4,57,4,2763,10,3,8,36,0,0,1,3,0,0,21,131,1
516,Mooy,4,47,3,2079,2,2,6,33,0,0,0,1,1,0,9,80,1
534,Connolly,4,42,4,1250,3,3,5,22,0,0,0,0,0,0,5,61,7
536,Baluta,4,40,2,0,0,0,0,0,0,0,0,0,0,0,0,0,0
537,Alzate,4,44,3,1181,0,0,3,18,0,0,0,1,0,0,0,33,0
546,Schelotto,4,39,2,357,0,0,0,7,0,0,0,2,0,0,0,9,0
586,Lamptey,4,41,2,619,0,1,3,8,0,0,0,2,0,0,0,26,0
627,Mac Allister,4,54,3,348,0,0,0,6,0,0,0,0,0,0,0,12,0
666,Cochrane,4,40,2,0,0,0,0,0,0,0,0,0,0,0,0,0,0
83,Mee,5,49,2,2880,1,2,13,45,0,0,0,7,0,0,6,110,1
84,Tarkowski,5,55,2,3420,2,3,15,50,0,0,0,10,0,0,14,143,3
85,Lowton,5,42,2,1530,0,1,6,31,0,0,0,2,0,0,1,48,0
86,Bardsley,5,44,2,1890,0,2,9,19,0,0,0,6,0,0,6,78,1
87,Taylor,5,43,2,1944,0,1,10,18,0,0,0,3,0,0,5,84,1
88,Long,5,43,2,562,0,0,2,5,0,0,0,0,0,0,0,21,0
89,Gibson,5,39,2,0,0,0,0,0,0,0,0,0,0,0,0,0,9
90,Barnes,5,61,4,1350,6,0,8,21,0,0,0,4,0,0,6,61,1
91,Wood,5,62,4,2436,14,1,11,33,1,0,0,1,0,0,21,136,3
92,Vydra,5,51,4,807,2,1,5,7,0,0,0,0,0,0,3,39,1
93,Pope,5,52,1,3420,0,0,15,50,0,1,0,1,0,120,23,170,3
95,Hart,5,42,1,0,0,0,0,0,0,0,0,0,0,0,0,0,0
96,Gudmundsson,5,59,3,617,1,1,3,7,0,0,0,0,0,0,1,30,0
97,McNeil,5,60,3,3339,2,7,16,48,0,0,0,5,0,0,6,123,1
98,Brady,5,55,3,445,1,2,1,10,0,0,0,1,0,0,0,32,0
99,Defour,5,55,3,0,0,0,0,0,0,0,0,0,0,0,0,0,0
100,Hendrick,5,54,3,1930,2,2,10,30,0,0,0,8,0,0,4,67,0
101,Westwood,5,55,3,3150,2,7,15,39,0,0,0,9,0,0,11,118,1
102,Cork,5,49,3,2614,0,0,12,41,0,0,0,1,0,0,0,70,0
430,Lennon,5,46,3,485,0,0,0,15,0,0,0,4,0,0,0,15,0
447,Pieters,5,43,2,1876,0,5,6,35,0,0,0,2,0,0,10,77,2
451,Rodriguez,5,57,4,2002,8,2,7,34,0,0,0,1,0,0,9,100,1
495,Peacock-Farrell,5,43,1,0,0,0,0,0,0,0,0,0,0,0,0,0,0
571,Goodridge,5,45,3,0,0,0,0,0,0,0,0,0,0,0,0,0,0
572,Driscoll-Glennon,5,39,2,0,0,0,0,0,0,0,0,0,0,0,0,0,2
596,Koiki,5,40,2,0,0,0,0,0,0,0,0,0,0,0,0,0,0
620,Brownhill,5,48,3,805,0,0,4,10,0,0,0,2,0,0,0,21,0
638,Dunne,5,40,2,0,0,0,0,0,0,0,0,0,0,0,0,0,0
639,Thomas,5,40,2,0,0,0,0,0,0,0,0,0,0,0,0,0,0
640,Thompson,5,45,4,2,0,0,0,0,0,0,0,0,0,0,0,1,0
641,Jensen,5,40,1,0,0,0,0,0,0,0,0,0,0,0,0,0,0
653,Benson,5,45,3,0,0,0,0,0,0,0,0,0,0,0,0,0,0
665,Mumbongo,5,45,4,0,0,0,0,0,0,0,0,0,0,0,0,0,0
103,Alonso,6,61,2,1429,4,4,7,18,0,0,0,4,0,0,11,100,4
104,Rüdiger,6,59,2,1710,2,0,5,24,1,0,0,3,0,0,5,63,1
105,Azpilicueta,6,61,2,3229,2,6,8,53,0,0,0,1,0,0,16,130,4
107,Emerson,6,54,2,1022,0,0,1,21,0,0,0,3,0,0,0,19,0
108,Christensen,6,48,2,1751,0,0,3,33,0,0,0,5,0,0,0,34,0
109,Zappacosta,6,42,2,0,0,0,0,0,0,0,0,0,0,0,0,0,0
110,Giroud,6,67,4,988,8,1,6,16,0,0,0,1,0,0,5,68,0
111,Kepa,6,54,1,2970,0,0,8,47,0,0,0,0,0,55,0,90,0
112,Caballero,6,48,1,450,0,0,1,7,0,0,0,0,0,10,0,13,0
113,Willian,6,73,3,2595,9,9,10,35,0,0,0,4,0,0,26,168,7
114,Pedro,6,68,3,659,1,2,2,12,0,0,0,1,0,0,1,32,1
115,Loftus-Cheek,6,59,3,203,0,1,1,3,0,0,0,0,0,0,0,12,0
116,Hudson-Odoi,6,51,3,849,1,5,2,14,0,0,0,1,0,0,3,53,0
117,Barkley,6,56,3,1095,1,5,5,14,0,0,0,0,0,0,5,61,2
118,Jorginho,6,49,3,2376,4,3,6,40,0,0,0,10,0,0,9,92,1
119,Kanté,6,50,3,1730,3,0,3,25,0,0,0,4,0,0,2,57,0
121,Ampadu,6,43,3,0,0,0,0,0,0,0,0,0,0,0,0,0,0
431,Pulisic,6,74,3,1717,9,8,6,28,0,0,0,0,0,0,8,127,1
432,Kovacic,6,53,3,2065,1,3,4,37,0,0,0,8,0,0,6,68,0
459,Zouma,6,47,2,2343,0,0,7,37,1,0,0,6,0,0,2,62,0
460,Abraham,6,73,4,2206,15,6,7,34,1,0,0,2,0,0,20,153,4
461,Batshuayi,6,66,4,224,1,2,0,8,0,0,0,0,0,0,1,28,0
462,Kenedy,6,52,3,0,0,0,0,0,0,0,0,0,0,0,0,0,0
463,Mount,6,60,3,2865,7,6,9,44,0,0,0,3,0,0,11,137,2
506,James,6,49,2,1510,0,2,5,23,0,0,0,1,0,0,5,61,1
529,Tomori,6,42,2,1291,1,0,4,18,0,0,0,3,0,0,7,48,2
533,Gilmour,6,41,3,191,0,0,1,3,0,0,0,0,0,0,0,9,0
545,Guehi,6,39,2,0,0,0,0,0,0,0,0,0,0,0,0,0,0
630,Anjorin,6,45,3,19,0,0,0,0,0,0,0,0,0,0,0,1,0
631,Broja,6,45,4,4,0,0,0,0,0,0,0,0,0,0,0,1,0
657,Bate,6,45,3,0,0,0,0,0,0,0,0,0,0,0,0,0,0
123,van Aanholt,7,56,2,2507,3,2,8,38,1,0,0,0,0,0,12,109,3
124,Tomkins,7,49,2,1582,1,1,3,23,0,0,0,5,0,0,4,48,1
125,Sakho,7,50,2,929,0,0,0,21,0,0,0,1,1,0,0,11,0
126,Ward,7,43,2,2380,0,1,7,36,0,0,0,4,0,0,8,77,0
127,Dann,7,43,2,1264,0,1,5,14,0,0,0,0,0,0,3,51,1
128,Kelly,7,41,2,1547,0,1,6,16,0,0,0,0,0,0,4,64,0
129,Benteke,7,57,4,1252,2,1,5,18,0,0,0,4,1,0,1,42,0
130,Wickham,7,43,4,90,1,1,0,2,0,0,0,0,0,0,2,15,0
131,Guaita,7,49,1,3150,0,0,10,42,1,0,0,1,0,111,16,137,3
132,Hennessey,7,42,1,270,0,0,0,8,0,0,0,0,0,16,0,7,0
133,Zaha,7,66,3,3279,4,6,9,46,0,0,0,5,0,0,4,120,1
134,Milivojevic,7,67,3,2510,3,1,7,38,0,0,0,12,0,0,9,81,1
135,Townsend,7,56,3,1284,1,1,3,23,0,0,0,0,0,0,0,48,0
136,Meyer,7,52,3,645,0,0,1,11,0,0,0,1,0,0,0,23,0
137,Schlupp,7,54,3,1030,3,1,4,16,0,0,0,2,0,0,4,51,1
138,McArthur,7,52,3,3091,0,4,11,38,0,0,0,6,0,0,2,92,0
139,Kouyaté,7,48,3,2524,1,2,10,36,0,0,0,4,0,0,4,85,0
140,Dreher,7,43,3,0,0,0,0,0,0,0,0,0,0,0,0,0,0
157,McCarthy,7,42,3,1668,0,0,2,29,0,0,0,9,0,0,0,41,2
468,Ayew,7,51,4,3148,9,3,12,45,0,0,0,6,0,0,19,132,1
503,Cahill,7,43,2,2167,0,1,7,35,0,0,0,1,0,0,4,70,0
510,Camarasa,7,45,3,5,0,0,0,0,0,0,0,0,0,0,0,1,0
539,Riedewald,7,45,3,761,0,0,0,9,0,0,0,0,0,0,0,22,0
556,Henderson,7,40,1,0,0,0,0,0,0,0,0,0,0,0,0,0,0
578,Woods,7,39,2,0,0,0,0,0,0,0,0,0,0,0,0,0,0
579,Mitchell,7,40,2,193,0,0,0,4,0,0,0,1,0,0,0,4,0
580,Pierrick,7,45,3,13,0,0,0,0,0,0,0,0,0,0,0,2,0
581,Daly,7,45,4,0,0,0,0,0,0,0,0,0,0,0,0,0,0
588,Kirby,7,45,3,0,0,0,0,0,0,0,0,0,0,0,0,0,0
608,McGregor,7,45,3,0,0,0,0,0,0,0,0,0,0,0,0,0,0
635,Tavares,7,40,2,0,0,0,0,0,0,0,0,0,0,0,0,0,0
668,Gordon,7,45,3,0,0,0,0,0,0,0,0,0,0,0,0,0,0
17,Iwobi,8,56,3,1591,1,0,4,30,0,0,0,0,0,0,2,52,0
141,Digne,8,59,2,3031,0,8,9,49,1,0,0,6,0,0,16,120,4
142,Mina,8,53,2,2281,2,1,5,37,1,0,0,3,0,0,8,78,1
143,Keane,8,52,2,2556,2,0,7,42,1,0,0,3,0,0,9,90,1
144,Coleman,8,53,2,1833,0,1,5,29,0,0,0,3,1,0,2,55,0
145,Baines,8,49,2,400,0,1,0,8,0,0,0,0,0,0,0,14,0
146,Tosun,8,57,4,462,2,0,2,6,0,0,0,0,0,0,1,24,0
147,Calvert-Lewin,8,61,4,2621,13,1,8,43,0,0,0,9,0,0,15,126,2
148,Pickford,8,52,1,3420,0,0,9,56,0,0,0,2,0,94,5,117,1
149,Stekelenburg,8,39,1,0,0,0,0,0,0,0,0,0,0,0,0,0,7
150,Richarlison,8,82,3,3070,13,5,9,51,0,0,0,8,0,0,13,165,2
151,Sigurdsson,8,73,3,2555,2,4,6,45,0,0,0,3,0,0,7,95,0
152,Bernard,8,64,3,1269,3,2,9,12,0,0,0,2,0,0,6,72,2
153,Walcott,8,62,3,1281,2,4,4,19,0,0,0,1,0,0,1,63,0
154,Davies,8,53,3,2020,1,1,5,34,0,0,0,8,0,0,3,59,1
155,Lookman,8,50,3,0,0,0,0,0,0,0,0,0,0,0,0,0,0
156,Gueye,8,50,3,0,0,0,0,0,0,0,0,0,0,0,0,0,0
158,Schneiderlin,8,44,3,998,0,0,1,20,0,0,0,4,1,0,0,18,0
205,Delph,8,53,2,1187,0,0,2,24,0,0,0,3,1,0,2,24,0
422,André Gomes,8,52,3,1457,0,1,5,20,0,0,0,6,0,0,3,39,0
477,Gibson,8,42,2,0,0,0,0,0,0,0,0,0,0,0,0,0,0
478,Holgate,8,42,2,2052,0,4,5,34,0,0,0,5,0,0,6,71,0
479,Lössl,8,42,1,0,0,0,0,0,0,0,0,0,0,0,0,0,0
496,Kean,8,63,4,830,2,2,1,15,0,0,0,1,0,0,5,53,0
497,Gbamin,8,48,3,135,0,0,1,0,0,0,0,0,0,0,0,4,0
511,Sidibé,8,50,2,1818,0,4,5,30,0,0,0,3,0,0,10,74,1
557,Baningime,8,44,3,0,0,0,0,0,0,0,0,0,0,0,0,0,0
561,Gordon,8,45,4,436,0,1,0,6,0,0,0,0,0,0,1,17,0
570,Niasse,8,45,4,19,0,0,0,2,0,0,0,0,0,0,0,3,0
577,Cuco Martina,8,40,2,0,0,0,0,0,0,0,0,0,0,0,0,0,0
629,Virgínia,8,40,1,0,0,0,0,0,0,0,0,0,0,0,0,0,0
637,Branthwaite,8,40,2,299,0,0,1,6,0,0,0,0,0,0,2,11,0
667,Simms,8,45,4,0,0,0,0,0,0,0,0,0,0,0,0,0,0
159,Pereira,9,62,2,2520,3,2,10,27,0,0,0,1,0,0,11,123,3
161,Chilwell,9,54,2,2374,3,3,9,26,0,0,0,3,0,0,8,114,1
162,Evans,9,53,2,3384,1,2,13,41,1,0,0,7,1,0,12,128,3
163,Fuchs,9,42,2,770,0,0,2,10,0,0,0,0,0,0,2,26,0
164,Söyüncü,9,49,2,3036,1,1,12,35,0,0,0,4,1,0,12,120,1
165,Morgan,9,41,2,430,0,0,1,6,0,0,0,0,0,0,2,19,1
166,Vardy,9,97,4,3032,23,7,11,38,0,0,1,3,0,0,34,210,8
167,Iheanacho,9,57,4,953,5,4,3,9,0,0,0,1,0,0,7,64,1
168,Schmeichel,9,55,1,3420,0,0,13,41,0,2,0,2,0,97,10,156,2
169,Jakupovic,9,42,1,0,0,0,0,0,0,0,0,0,0,0,0,0,0
170,Ward,9,42,1,0,0,0,0,0,0,0,0,0,0,0,0,0,0
171,Maddison,9,73,3,2624,6,5,10,26,0,0,0,4,0,0,14,125,1
172,Barnes,9,58,3,2075,6,10,9,24,0,0,0,0,0,0,9,133,2
173,Ghezzal,9,51,3,0,0,0,0,0,0,0,0,0,0,0,0,0,0
174,Albrighton,9,51,3,857,0,3,3,11,0,0,0,2,0,0,1,38,0
175,Gray,9,50,3,605,2,4,1,6,0,0,1,1,0,0,0,44,0
176,Ndidi,9,50,3,2671,2,1,12,32,0,0,0,6,0,0,5,85,0
177,James,9,43,3,5,0,0,0,0,0,0,0,0,0,0,0,1,0
178,Amartey,9,42,3,0,0,0,0,0,0,0,0,0,0,0,0,0,7
179,Mendy,9,43,3,288,0,0,1,3,0,0,0,0,0,0,0,11,0
180,Choudhury,9,42,3,883,1,1,3,12,0,0,0,2,1,0,0,35,0
265,Pérez,9,60,3,1998,8,5,9,25,0,0,0,0,0,0,9,129,4
404,Bennett,9,48,2,932,0,0,3,17,0,0,0,2,0,0,2,32,0
433,Justin,9,47,2,1010,0,1,4,14,1,0,0,1,0,0,0,35,0
448,Tielemans,9,61,3,2823,3,6,12,35,0,0,0,2,0,0,5,117,2
480,King,9,42,3,0,0,0,0,0,0,0,0,0,0,0,0,0,9
517,Praet,9,52,3,1122,1,3,2,17,0,0,0,2,0,0,3,54,0
597,Benkovic,9,39,2,0,0,0,0,0,0,0,0,0,0,0,0,0,0
660,Thomas,9,40,2,267,0,1,1,4,0,0,0,0,0,0,3,15,1
661,Hirst,9,45,4,9,0,0,0,1,0,0,0,0,0,0,0,2,0
662,Johnson,9,40,2,0,0,0,0,0,0,0,0,0,0,0,0,0,0
181,Robertson,10,70,2,3111,2,12,13,31,0,0,0,2,0,0,20,181,1
182,Alexander-Arnold,10,77,2,3173,4,15,14,32,0,0,0,5,0,0,24,210,8
183,van Dijk,10,65,2,3420,5,2,15,33,0,0,0,1,0,0,14,178,2
184,Gomez,10,53,2,1999,0,0,12,16,0,0,0,7,0,0,7,93,0
185,Matip,10,52,2,703,1,0,3,5,0,0,0,0,0,0,4,39,0
186,Lovren,10,53,2,776,0,1,0,11,0,0,0,1,0,0,0,18,0
187,Firmino,10,93,4,2985,9,9,16,26,0,0,0,0,0,0,20,155,2
188,Origi,10,51,4,699,4,3,2,12,0,0,0,1,0,0,8,65,1
189,Alisson,10,62,1,2543,0,1,13,24,0,0,0,0,1,58,11,122,1
190,Mignolet,10,45,1,0,0,0,0,0,0,0,0,0,0,0,0,0,0
191,Salah,10,125,3,2879,19,10,16,26,0,0,0,1,0,0,26,233,8
192,Mané,10,121,3,2745,18,10,12,28,0,0,0,3,0,0,27,221,8
193,Chamberlain,10,61,3,1475,4,1,8,12,1,0,0,1,0,0,2,76,0
194,Shaqiri,10,63,3,181,1,0,1,2,0,0,0,0,0,0,0,15,0
195,Lallana,10,57,3,371,1,1,1,5,0,0,0,1,0,0,1,27,0
196,Keita,10,58,3,806,2,3,5,8,0,0,0,1,0,0,3,52,1
197,Fabinho,10,54,3,2073,2,3,6,26,0,0,0,6,0,0,8,77,1
198,Henderson,10,52,3,2234,4,5,16,14,0,0,0,2,0,0,11,116,2
199,Wijnaldum,10,54,3,2933,4,0,12,28,0,0,0,0,0,0,5,107,1
200,Milner,10,53,3,924,2,2,4,9,0,0,0,4,0,0,3,49,1
201,Camacho,10,45,3,0,0,0,0,0,0,0,0,0,0,0,0,0,0
464,Brewster,10,42,4,0,0,0,0,0,0,0,0,0,0,0,0,0,9
526,Adrián,10,40,1,873,0,0,2,10,0,0,0,1,0,18,0,27,0
530,Lonergan,10,42,1,0,0,0,0,0,0,0,0,0,0,0,0,0,0
531,Kelleher,10,44,1,0,0,0,0,0,0,0,0,0,0,0,0,0,0
550,Elliott,10,45,3,7,0,0,0,0,0,0,0,0,0,0,0,2,0
569,Jones,10,45,3,121,1,0,1,1,0,0,0,0,0,0,0,13,0
575,Williams,10,40,2,228,0,0,1,2,0,0,0,1,0,0,3,14,0
589,Phillips,10,39,2,0,0,0,0,0,0,0,0,0,0,0,0,0,0
590,Minamino,10,58,3,241,0,0,0,2,0,0,0,0,0,0,0,11,0
628,Hoever,10,39,2,0,0,0,0,0,0,0,0,0,0,0,0,0,0
202,Laporte,11,63,2,1096,1,0,8,5,0,0,0,1,0,0,0,63,1
203,Walker,11,57,2,2392,1,4,12,24,0,0,0,5,0,0,7,114,2
204,Mendy,11,55,2,1491,0,2,9,13,0,0,0,3,0,0,3,74,0
206,Zinchenko,11,52,2,1271,0,0,6,15,0,0,0,0,1,0,1,49,0
207,Stones,11,53,2,1118,0,0,3,16,0,0,0,0,0,0,0,34,0
208,Otamendi,11,48,2,1710,2,1,7,21,0,0,0,3,0,0,6,82,1
209,Danilo,11,50,2,0,0,0,0,0,0,0,0,0,0,0,0,0,0
210,Agüero,11,116,4,1449,16,6,5,18,0,0,1,1,0,0,14,132,4
211,Jesus,11,99,4,2018,14,8,12,14,0,0,1,3,0,0,17,146,3
212,Ederson,11,61,1,3071,0,0,16,31,0,0,0,3,1,68,2,133,0
213,Bravo,11,47,1,346,0,0,1,7,0,0,0,0,0,8,0,11,0
214,Sterling,11,120,3,2651,20,6,13,31,0,0,2,5,0,0,20,204,7
215,De Bruyne,11,106,3,2790,13,23,18,22,0,0,0,3,0,0,35,251,9
216,Sané,11,91,3,11,0,0,0,0,0,0,0,0,0,0,0,1,0
217,Mahrez,11,86,3,1934,11,14,10,15,0,0,0,0,0,0,17,175,5
218,Bernardo Silva,11,76,3,2021,6,7,9,24,0,0,0,5,0,0,7,116,2
219,David Silva,11,75,3,1821,6,12,11,15,0,0,0,0,0,0,15,139,6
220,Foden,11,55,3,888,5,2,4,7,0,0,0,0,0,0,4,69,1
221,Fernandinho,11,51,3,2394,0,1,10,27,1,0,0,7,2,0,1,55,0
222,Gündogan,11,51,3,2012,2,1,7,28,0,0,1,7,0,0,4,65,0
440,Angeliño,11,46,2,422,0,1,0,7,0,0,0,1,0,0,1,11,0
443,Rodrigo,11,53,3,2480,3,2,14,27,0,0,0,8,0,0,5,92,1
518,Cancelo,11,51,2,1205,0,0,5,11,0,0,0,4,0,0,3,45,0
544,Garcia,11,45,2,790,0,0,5,7,0,0,0,1,0,0,0,38,0
562,Carson,11,40,1,0,0,0,0,0,0,0,0,0,0,0,0,0,0
642,Harwood-Bellis,11,40,2,0,0,0,0,0,0,0,0,0,0,0,0,0,0
643,Palmer,11,45,3,0,0,0,0,0,0,0,0,0,0,0,0,0,0
644,Doyle,11,45,3,15,0,0,0,0,0,0,0,0,0,0,0,1,0
122,Wan-Bissaka,12,55,2,3070,0,4,12,33,0,0,0,8,0,0,16,127,3
160,Maguire,12,53,2,3420,1,0,13,36,0,0,0,6,0,0,5,123,1
223,Smalling,12,52,2,0,0,0,0,0,0,0,0,0,0,0,0,0,0
224,Young,12,54,2,953,0,0,2,10,0,0,0,5,0,0,0,24,0
225,Lindelöf,12,53,2,3092,1,0,12,32,1,0,0,6,0,0,9,116,1
226,Shaw,12,54,2,1730,0,0,8,15,0,0,0,7,0,0,2,67,0
227,Rojo,12,48,2,121,0,0,0,2,0,0,0,1,0,0,0,3,0
228,Bailly,12,47,2,148,0,0,1,1,0,0,0,0,0,0,0,9,0
229,Dalot,12,49,2,65,0,0,0,1,0,0,0,0,0,0,0,4,0
230,Darmian,12,49,2,0,0,0,0,0,0,0,0,0,0,0,0,0,0
231,Jones,12,47,2,135,0,0,0,3,0,0,0,0,0,0,0,2,0
232,Lukaku,12,85,4,0,0,0,0,0,0,0,0,0,0,0,0,0,0
233,Rashford,12,89,4,2645,17,8,9,29,0,0,2,3,0,0,31,177,5
234,Greenwood,12,48,4,1303,10,1,6,13,0,0,0,0,0,0,17,103,1
235,de Gea,12,53,1,3420,0,0,13,36,0,0,0,2,0,95,8,143,3
236,Romero,12,46,1,0,0,0,0,0,0,0,0,0,0,0,0,0,0
237,Grant,12,47,1,0,0,0,0,0,0,0,0,0,0,0,0,0,0
238,Pogba,12,83,3,1202,1,4,6,9,0,0,1,1,0,0,2,51,1
239,Martial,12,85,3,2625,17,9,14,27,0,0,1,1,0,0,14,200,5
240,Sánchez,12,68,3,0,0,0,0,0,0,0,0,0,0,0,0,0,0
241,Lingard,12,63,3,923,1,0,1,14,0,0,0,3,0,0,0,32,0
242,Mata,12,61,3,747,0,2,4,8,0,0,0,1,0,0,2,38,1
243,James,12,57,3,2281,3,6,7,29,0,0,0,4,0,0,2,95,0
244,Fred,12,51,3,2157,0,0,6,26,0,0,0,8,0,0,0,50,0
245,Gomes,12,47,3,19,0,0,0,1,0,0,0,0,0,0,0,2,0
246,Pereira,12,47,3,1478,1,3,6,16,0,0,0,3,0,0,1,60,0
247,Matic,12,48,3,1578,0,2,10,13,0,0,0,2,0,0,2,55,0
248,McTominay,12,48,3,1765,3,2,3,20,0,0,0,2,0,0,6,74,0
249,Chong,12,42,3,34,0,0,0,0,0,0,0,0,0,0,0,3,0
250,Garner,12,43,3,8,0,0,0,1,0,0,0,0,0,0,0,1,0
481,Tuanzebe,12,44,2,187,0,0,0,3,0,0,0,0,0,0,0,7,0
549,Williams,12,38,2,1003,1,1,5,11,0,0,0,6,0,0,3,51,1
618,Fernandes,12,90,3,1187,8,8,9,6,0,0,0,2,0,0,18,117,6
624,Ighalo,12,59,4,92,0,0,0,0,0,0,0,0,0,0,0,11,0
658,Fosu-Mensah,12,45,2,136,0,0,1,1,0,0,0,1,0,0,0,7,0
251,Ritchie,13,53,2,1312,2,1,8,19,0,0,1,4,0,0,7,74,2
252,Schär,13,50,2,1669,2,1,4,38,0,0,0,5,0,0,2,55,0
253,Yedlin,13,44,2,934,1,0,1,18,0,0,0,3,0,0,0,26,0
254,Fernández,13,46,2,2617,2,3,8,42,1,0,0,8,0,0,13,102,4
255,Dummett,13,43,2,1227,0,0,5,20,1,0,0,2,0,0,4,44,0
256,Manquillo,13,43,2,1597,0,1,8,21,0,0,0,5,0,0,4,65,1
257,Lejeune,13,43,2,440,2,0,1,10,0,0,0,0,0,0,1,24,1
258,Lascelles,13,42,2,2076,1,0,8,31,0,0,0,5,0,0,3,73,1
259,Clark,13,43,2,1186,2,0,4,14,0,0,0,3,0,0,2,49,1
260,Muto,13,51,4,207,0,0,0,7,0,0,0,0,0,0,0,9,0
261,Joselu,13,50,4,0,0,0,0,0,0,0,0,0,0,0,0,0,0
262,Dubravka,13,51,1,3420,0,0,11,58,0,0,0,0,0,139,7,143,1
263,Darlow,13,43,1,0,0,0,0,0,0,0,0,0,0,0,0,0,0
264,Woodman,13,39,1,0,0,0,0,0,0,0,0,0,0,0,0,0,0
266,Almirón,13,58,3,3020,4,2,12,48,0,0,0,5,0,0,5,109,1
267,Atsu,13,53,3,738,0,3,3,15,0,0,0,2,0,0,0,37,0
268,Ki Sung-yueng,13,47,3,135,0,0,0,6,0,0,0,0,0,0,0,4,0
269,Shelvey,13,49,3,2118,6,2,8,34,0,0,0,3,0,0,15,105,0
270,Longstaff,13,50,3,1370,1,2,2,26,0,0,0,2,1,0,0,44,0
271,Hayden,13,44,3,2220,1,4,8,36,0,0,0,4,1,0,3,73,0
332,Rose,13,53,2,1753,0,0,5,28,0,0,0,7,0,0,0,47,0
466,Joelinton,13,55,4,2678,2,2,9,46,0,0,0,7,0,0,3,78,0
482,Colback,13,43,3,0,0,0,0,0,0,0,0,0,0,0,0,0,0
483,Murphy,13,47,3,0,0,0,0,0,0,0,0,0,0,0,0,0,0
498,Willems,13,43,2,1492,2,2,3,24,0,0,0,0,0,0,6,64,1
499,Aarons,13,48,3,0,0,0,0,0,0,0,0,0,0,0,0,0,0
500,Saint-Maximin,13,52,3,1860,3,5,8,22,0,0,0,0,0,0,7,92,1
519,Krafth,13,43,2,1015,0,1,3,23,0,0,0,0,0,0,2,37,0
520,Carroll,13,54,4,617,0,4,2,10,0,0,0,1,0,0,0,34,0
540,Matthew Longstaff,13,45,3,572,2,0,1,11,0,0,0,1,0,0,2,27,1
554,Gayle,13,50,4,842,4,2,4,15,0,0,0,2,0,0,10,58,0
573,Elliot,13,40,1,0,0,0,0,0,0,0,0,0,0,0,0,0,0
598,Allan,13,45,3,0,0,0,0,0,0,0,0,0,0,0,0,0,0
599,Watts,13,39,2,16,0,0,0,1,0,0,0,0,0,0,0,1,0
610,Gibson,13,40,2,0,0,0,0,0,0,0,0,0,0,0,0,0,0
612,Bentaleb,13,47,3,747,0,0,2,16,0,0,0,2,0,0,0,19,0
614,Lazaro,13,53,3,472,1,0,0,13,0,0,0,0,1,0,0,19,0
656,Young,13,45,3,0,0,0,0,0,0,0,0,0,0,0,0,0,0
272,Klose,14,43,2,585,0,0,0,13,0,0,0,0,0,0,0,9,0
273,Godfrey,14,44,2,2644,0,0,3,62,1,0,0,3,1,0,0,38,0
274,Aarons,14,42,2,3240,0,2,5,71,0,0,0,7,0,0,3,66,1
275,Zimmermann,14,44,2,1430,0,1,3,27,0,0,0,3,0,0,1,35,0
276,Lewis,14,44,2,2301,1,0,3,56,0,0,0,4,0,0,3,48,1
277,Hanley,14,40,2,1261,0,0,2,25,1,0,0,4,0,0,1,23,0
278,Pukki,14,64,4,2884,11,3,6,59,0,0,0,3,0,0,21,139,2
279,Srbeny,14,52,4,41,1,0,0,2,0,0,0,0,0,0,1,13,0
280,Krul,14,46,1,3240,0,0,5,68,1,2,0,4,0,131,10,109,2
281,McGovern,14,41,1,158,0,0,0,6,0,1,0,0,0,7,2,11,0
282,Vrancic,14,62,3,624,1,0,0,19,0,0,0,3,0,0,1,29,0
283,Buendía,14,60,3,2458,1,7,3,54,0,0,0,6,1,0,12,94,1
284,Hernández,14,53,3,1374,1,2,1,32,0,0,0,0,0,0,0,52,0
285,Stiepermann,14,50,3,1173,0,0,1,32,0,0,0,6,0,0,0,32,0
286,McLean,14,48,3,2965,1,1,5,63,0,0,0,5,0,0,0,77,0
287,Cantwell,14,45,3,2484,6,2,6,54,0,0,0,6,0,0,10,111,2
288,Leitner,14,43,3,683,0,0,1,16,0,0,0,1,0,0,0,16,0
289,Tettey,14,44,3,2339,1,1,5,44,0,0,0,5,0,0,3,67,0
290,Trybull,14,43,3,1128,0,0,2,25,0,0,0,2,0,0,0,28,0
434,Drmic,14,53,4,636,1,0,0,13,0,0,0,0,1,0,0,26,0
435,Roberts,14,50,3,24,0,0,0,2,0,0,0,0,0,0,0,3,0
449,Fahrmann,14,44,1,21,0,0,0,1,0,0,0,0,0,1,0,1,0
454,Byram,14,43,2,1292,0,0,3,23,0,0,0,4,0,0,2,32,0
484,Heise,14,39,2,0,0,0,0,0,0,0,0,0,0,0,0,0,3
507,Amadou,14,45,3,756,0,0,1,20,0,0,0,1,0,0,0,18,0
538,Idah,14,44,4,219,0,0,0,9,0,0,0,0,0,0,0,13,0
551,Mair,14,40,1,0,0,0,0,0,0,0,0,0,0,0,0,0,0
552,Famewo,14,39,2,1,0,0,0,0,0,0,0,0,0,0,0,1,0
601,Duda,14,44,3,723,0,1,3,9,0,0,0,0,0,0,0,24,0
602,Rupp,14,44,3,692,0,0,1,18,0,0,0,1,0,0,0,19,0
632,Martin,14,45,3,32,0,0,0,2,0,0,0,0,0,0,0,5,0
650,Thomas,14,40,2,1,0,0,0,0,0,0,0,0,0,0,0,1,0
669,Adshead,14,45,3,0,0,0,0,0,0,0,0,0,0,0,0,0,0
70,Mousset,15,43,4,1223,6,4,3,15,0,0,0,1,0,0,11,84,1
291,Stevens,15,52,2,3345,2,4,13,39,0,0,0,7,0,0,8,142,1
292,Freeman,15,42,2,6,0,0,0,0,0,0,0,0,0,0,0,2,0
293,O'Connell,15,45,2,2915,0,1,12,28,0,0,0,4,0,0,6,111,1
294,Baldock,15,50,2,3420,2,4,13,39,0,0,0,7,0,0,7,142,1
295,Egan,15,47,2,3187,2,1,13,33,0,0,0,3,1,0,9,133,2
296,Stearman,15,39,2,0,0,0,0,0,0,0,0,0,0,0,0,0,9
297,Lundstram,15,46,2,2452,5,4,10,29,0,0,0,5,0,0,15,144,5
298,Sharp,15,52,4,1037,3,2,4,10,0,0,0,1,1,0,9,57,1
299,Eastwood,15,43,1,0,0,0,0,0,0,0,0,0,0,0,0,0,0
300,Duffy,15,52,3,0,0,0,0,0,0,0,0,0,0,0,0,0,0
301,Fleck,15,47,3,2515,5,2,8,30,0,0,0,8,0,0,13,101,4
302,Norwood,15,47,3,3089,1,3,13,36,0,0,0,8,0,0,6,98,1
303,McGoldrick,15,54,4,1810,2,2,7,18,0,0,0,2,0,0,6,65,1
423,Basham,15,46,2,3242,0,1,13,37,0,0,0,4,0,0,6,123,0
436,Moore,15,43,1,180,0,0,0,6,0,0,0,0,0,5,0,3,0
441,Freeman,15,50,3,360,0,0,1,5,0,0,0,2,0,0,0,13,0
444,Jagielka,15,41,2,240,0,0,0,6,0,0,0,0,0,0,0,6,0
453,Callum Robinson,15,49,3,669,1,2,2,6,0,0,0,1,0,0,1,33,1
456,Morrison,15,45,3,12,0,0,0,0,0,0,0,0,0,0,0,1,0
471,Henderson,15,52,1,3240,0,1,13,33,0,1,0,2,0,97,16,160,4
472,Osborn,15,47,3,590,0,0,2,4,0,0,0,0,0,0,0,19,0
501,McBurnie,15,55,4,2105,6,1,9,25,0,0,0,4,0,0,6,86,0
521,Verrips,15,44,1,0,0,0,0,0,0,0,0,0,0,0,0,0,0
522,Bešić,15,43,3,243,0,0,0,2,0,0,0,2,0,0,0,9,0
547,Clarke,15,44,4,33,0,0,0,2,0,0,0,0,0,0,0,2,0
591,Rodwell,15,45,3,15,0,0,0,0,0,0,0,0,0,0,0,1,0
611,Jack Robinson,15,40,2,504,0,0,1,11,0,0,0,0,0,0,2,14,0
621,Berge,15,47,3,943,1,1,4,11,0,0,0,0,0,0,3,40,0
622,Zivkovic,15,47,4,107,0,0,0,4,0,0,0,0,0,0,0,5,0
625,Retsos,15,45,2,0,0,0,0,0,0,0,0,0,0,0,0,0,0
304,Vestergaard,16,45,2,1496,1,0,4,26,0,0,0,3,0,0,6,51,2
305,Bertrand,16,48,2,2742,1,1,7,52,0,0,0,3,1,0,0,75,0
306,Valery,16,46,2,778,0,1,1,20,0,0,0,1,0,0,0,18,0
307,Bednarek,16,44,2,3057,1,1,7,57,1,0,0,4,0,0,5,84,0
308,Stephens,16,44,2,2451,1,3,7,39,0,0,0,4,1,0,8,85,3
310,Yoshida,16,41,2,558,0,0,1,18,0,0,0,1,0,0,1,10,0
311,Ramsay,16,39,2,0,0,0,0,0,0,0,0,0,0,0,0,0,0
312,Austin,16,60,4,0,0,0,0,0,0,0,0,0,0,0,0,0,0
313,Ings,16,76,4,2800,22,2,6,44,0,0,1,3,0,0,40,198,4
314,Obafemi,16,49,4,655,3,2,3,12,0,0,0,1,0,0,2,45,0
315,Long,16,46,4,1386,2,3,5,20,0,0,0,0,0,0,4,62,1
316,Gallagher,16,45,4,0,0,0,0,0,0,0,0,0,0,0,0,0,0
317,Forster,16,42,1,0,0,0,0,0,0,0,0,0,0,0,0,0,0
318,McCarthy,16,45,1,2520,0,0,7,35,0,1,0,0,0,79,8,104,2
319,Gunn,16,42,1,900,0,0,2,25,0,0,0,0,0,30,3,29,1
320,Redmond,16,62,3,2763,4,4,7,51,0,0,0,2,0,0,8,107,2
321,Ward-Prowse,16,57,3,3420,5,4,9,60,0,0,2,9,0,0,8,117,0
322,Elyounoussi,16,52,3,0,0,0,0,0,0,0,0,0,0,0,0,0,0
323,Armstrong,16,52,3,1706,5,4,7,25,0,0,0,4,0,0,10,98,1
324,Lemina,16,46,3,0,0,0,0,0,0,0,0,0,0,0,0,0,0
325,Højbjerg,16,48,3,2750,0,3,7,51,0,0,0,5,0,0,1,75,0
326,Johnson,16,44,3,0,0,0,0,0,0,0,0,0,0,0,0,0,0
327,Slattery,16,44,3,0,0,0,0,0,0,0,0,0,0,0,0,0,0
328,Oriol Romeu,16,43,3,1855,0,0,5,38,0,0,0,5,0,0,1,51,0
337,Walker-Peters,16,44,2,944,0,1,2,12,0,0,0,1,0,0,2,32,0
437,Adams,16,53,4,1095,4,4,4,17,0,0,0,0,0,0,8,78,1
438,Djenepo,16,52,3,920,2,2,2,14,0,0,0,4,1,0,3,40,1
485,Hoedt,16,42,2,0,0,0,0,0,0,0,0,0,0,0,0,0,0
508,Boufal,16,55,3,753,0,3,1,17,0,0,0,2,0,0,0,34,0
532,Danso,16,42,2,275,0,1,1,8,0,0,0,0,1,0,0,9,0
535,N'Lundulu,16,44,4,0,0,0,0,0,0,0,0,0,0,0,0,0,0
548,Lewis,16,40,1,0,0,0,0,0,0,0,0,0,0,0,0,0,0
584,Smallbone,16,45,3,389,0,2,3,4,0,0,0,0,0,0,1,24,0
633,Tella,16,45,3,2,0,0,0,0,0,0,0,0,0,0,0,1,0
645,Vokins,16,40,2,90,0,0,0,1,0,0,0,0,0,0,0,2,0
649,Jankewitz,16,45,3,0,0,0,0,0,0,0,0,0,0,0,0,0,0
654,Ferry,16,45,3,0,0,0,0,0,0,0,0,0,0,0,0,0,0
663,Maddox,16,45,3,0,0,0,0,0,0,0,0,0,0,0,0,0,0
329,Davies,17,53,2,1430,0,0,4,19,0,0,0,6,0,0,2,41,0
330,Vertonghen,17,52,2,1644,1,1,4,24,0,0,0,2,0,0,5,62,2
331,Alderweireld,17,53,2,2957,2,2,7,39,1,0,0,7,0,0,6,97,2
333,Sánchez,17,53,2,2431,0,2,4,37,0,0,0,6,0,0,4,64,1
334,Trippier,17,55,2,0,0,0,0,0,0,0,0,0,0,0,0,0,0
335,Foyth,17,48,2,66,0,0,0,3,0,0,0,1,0,0,0,3,0
336,Aurier,17,51,2,2699,1,7,9,33,1,0,0,2,1,0,15,124,1
338,Kane,17,110,4,2588,18,2,6,36,0,0,0,4,0,0,26,158,4
339,Janssen,17,45,4,0,0,0,0,0,0,0,0,0,0,0,0,0,0
340,Lloris,17,53,1,1808,0,0,6,21,0,1,0,0,0,80,13,98,1
341,Gazzaniga,17,41,1,1612,0,0,2,26,0,1,0,1,0,59,6,58,1
342,Son,17,97,3,2478,11,13,7,32,0,0,1,0,2,0,18,169,5
343,Eriksen,17,86,3,1090,2,2,1,18,0,0,0,5,0,0,6,48,0
344,Alli,17,83,3,1845,8,6,4,25,0,0,0,2,0,0,12,117,2
345,Lucas Moura,17,70,3,2235,4,5,6,29,0,0,0,3,0,0,3,100,1
346,Lamela,17,57,3,1203,2,5,5,12,0,0,0,3,0,0,2,65,1
347,Winks,17,52,3,2223,0,0,6,31,0,0,0,9,0,0,0,52,0
348,Wanyama,17,47,3,24,0,0,0,2,0,0,0,1,0,0,0,1,0
349,Sissoko,17,48,3,2451,2,1,7,31,0,0,0,8,0,0,0,69,0
350,Dier,17,48,3,1340,0,2,3,23,0,0,0,5,0,0,0,36,0
351,Amos,17,44,3,0,0,0,0,0,0,0,0,0,0,0,0,0,0
352,Skipp,17,42,3,74,0,0,0,1,0,0,0,0,0,0,0,7,0
442,Ndombele,17,58,3,1002,2,2,1,17,0,0,0,3,0,0,2,45,0
509,Parrott,17,43,4,6,0,0,0,0,0,0,0,0,0,0,0,2,0
523,Lo Celso,17,73,3,1482,0,3,6,18,0,0,0,6,0,0,3,54,0
524,Sessegnon,17,54,3,341,0,0,0,5,0,0,0,0,0,0,0,9,0
527,Nkoudou,17,50,3,2,0,0,0,0,0,0,0,0,0,0,0,1,0
543,Whiteman,17,40,1,0,0,0,0,0,0,0,0,0,0,0,0,0,0
555,Vorm,17,42,1,0,0,0,0,0,0,0,0,0,0,0,0,0,0
558,Austin,17,40,1,0,0,0,0,0,0,0,0,0,0,0,0,0,0
583,Tanganga,17,39,2,525,0,0,2,7,0,0,0,1,0,0,0,17,0
605,Fernandes,17,46,3,62,0,0,0,1,0,0,0,0,0,0,0,7,0
615,Bergwijn,17,69,3,699,3,1,2,9,0,0,0,2,0,0,5,43,0
634,White,17,45,3,0,0,0,0,0,0,0,0,0,0,0,0,0,0
655,Cirkin,17,40,2,0,0,0,0,0,0,0,0,0,0,0,0,0,0
353,Holebas,18,46,2,1022,0,1,2,28,0,0,0,5,0,0,0,21,0
354,Kabasele,18,43,2,2250,0,2,7,35,0,0,0,1,2,0,4,73,1
355,Masina,18,43,2,1815,1,0,6,31,0,0,0,3,0,0,4,66,0
356,Mariappa,18,41,2,1509,0,0,3,33,1,0,0,4,1,0,1,26,0
357,Kiko Femenía,18,42,2,2236,0,1,5,46,0,0,0,5,0,0,0,54,0
358,Cathcart,18,41,2,2488,0,0,9,37,0,0,0,7,0,0,3,77,1
359,Janmaat,18,40,2,606,0,1,4,5,1,0,0,1,0,0,7,36,1
360,Navarro,18,39,2,0,0,0,0,0,0,0,0,0,0,0,0,0,0
361,Prödl,18,39,2,56,0,0,0,0,0,0,0,0,0,0,0,1,9
362,Deeney,18,62,4,2224,10,2,6,39,0,0,1,3,0,0,15,109,2
363,Deulofeu,18,61,4,2097,4,5,8,33,0,0,0,3,0,0,9,88,2
364,Gray,18,55,4,741,2,1,0,17,0,0,0,1,0,0,2,39,0
365,Success,18,47,4,65,0,0,0,3,0,0,0,1,0,0,0,4,0
366,Foster,18,49,1,3420,0,0,9,64,0,1,0,1,0,117,17,137,1
367,Dahlberg,18,42,1,0,0,0,0,0,0,0,0,0,0,0,0,0,0
368,Doucouré,18,54,3,3156,4,4,10,61,1,0,0,9,0,0,9,113,1
369,Pereyra,18,56,3,1641,3,0,5,27,0,0,0,4,0,0,0,60,0
370,Hughes,18,53,3,2249,1,1,5,46,0,0,0,9,0,0,3,62,0
371,Cleverley,18,48,3,964,1,0,1,26,0,0,0,2,0,0,2,33,0
372,Sema,18,47,3,0,0,0,0,0,0,0,0,0,0,0,0,0,0
373,Capoue,18,48,3,2627,0,4,8,48,0,0,0,8,0,0,7,78,0
374,Chalobah,18,44,3,919,0,1,2,14,0,0,0,1,0,0,2,36,0
375,Quina,18,43,3,18,0,0,0,2,0,0,0,0,0,0,0,4,0
439,Dawson,18,48,2,2359,2,0,4,49,0,0,0,6,0,0,2,61,0
512,Welbeck,18,58,4,813,2,1,1,15,0,0,0,0,0,0,3,39,1
513,Gomes,18,43,1,0,0,0,0,0,0,0,0,0,0,0,0,0,0
525,Sarr,18,59,3,2023,5,7,6,35,0,0,0,1,0,0,7,107,2
542,Foulquier,18,39,2,57,0,0,0,6,0,0,0,0,0,0,0,1,7
563,Dele-Bashiru,18,44,3,0,0,0,0,0,0,0,0,0,0,0,0,0,0
592,João Pedro,18,48,4,22,0,0,0,1,0,0,0,0,0,0,0,3,0
604,Pussetto,18,46,3,67,0,0,0,3,0,0,0,1,0,0,0,6,0
648,Peñaranda,18,45,4,0,0,0,0,0,0,0,0,0,0,0,0,0,0
376,Cresswell,19,45,2,2727,3,0,5,51,0,0,0,7,0,0,5,79,2
377,Ogbonna,19,45,2,2786,2,0,7,44,1,0,0,4,0,0,0,81,0
378,Masuaku,19,41,2,930,0,1,2,18,0,0,0,4,1,0,3,26,1
379,Zabaleta,19,41,2,588,0,0,0,14,0,0,0,2,0,0,0,10,0
380,Fredericks,19,44,2,2235,0,3,7,39,0,0,0,7,0,0,7,74,2
381,Diop,19,43,2,2765,3,1,4,54,0,0,0,8,0,0,3,76,1
382,Balbuena,19,43,2,1176,1,0,3,24,0,0,0,2,0,0,3,40,1
383,Reid,19,39,2,0,0,0,0,0,0,0,0,0,0,0,0,0,6
384,Johnson,19,40,2,270,0,0,0,3,0,0,0,0,0,0,0,6,0
385,Arnautovic,19,70,4,0,0,0,0,0,0,0,0,0,0,0,0,0,0
386,Chicharito,19,60,4,106,1,0,0,4,0,0,0,0,0,0,2,9,1
387,Xande Silva,19,43,4,0,0,0,0,0,0,0,0,0,0,0,0,0,0
388,Fabianski,19,49,1,2117,0,0,5,34,0,1,0,1,0,72,5,83,3
389,Antonio,19,71,3,1767,10,4,3,30,0,0,0,3,0,0,8,111,2
390,Felipe Anderson,19,66,3,1493,1,4,7,27,0,0,0,1,0,0,1,66,0
391,Lanzini,19,61,3,1370,0,3,2,30,0,0,0,1,0,0,3,50,0
392,Yarmolenko,19,52,3,981,5,1,3,17,0,0,0,2,0,0,10,70,1
393,Snodgrass,19,50,3,1504,5,5,3,33,0,0,0,4,0,0,8,87,1
394,Wilshere,19,46,3,209,0,0,0,5,0,0,0,0,0,0,0,8,0
395,Rice,19,47,3,3420,1,5,7,62,0,0,0,6,0,0,8,105,1
396,Noble,19,49,3,2675,4,4,7,44,0,0,0,5,0,0,8,105,2
397,Carlos Sánchez,19,43,3,112,0,0,0,2,0,0,0,0,0,0,0,7,3
398,Diangana,19,43,3,0,0,0,0,0,0,0,0,0,0,0,0,0,0
399,Fornals,19,60,3,2167,2,6,6,35,0,0,0,3,0,0,4,93,2
400,Obiang,19,45,3,0,0,0,0,0,0,0,0,0,0,0,0,0,0
450,Roberto,19,44,1,686,0,0,0,17,1,0,0,0,0,36,1,18,0
457,Haller,19,68,4,2259,7,3,5,41,0,0,0,1,0,0,11,102,1
514,Ajeti,19,56,4,132,0,0,0,3,0,0,0,0,0,0,0,9,0
553,Martin,19,39,1,435,0,0,2,6,0,0,0,1,0,15,2,20,1
568,Holland,19,44,3,31,0,0,0,1,0,0,0,0,0,0,0,2,0
582,Anang,19,40,1,0,0,0,0,0,0,0,0,0,0,0,0,0,0
593,Ngakia,19,40,2,440,0,0,0,8,0,0,0,0,0,0,0,8,0
594,Cardoso,19,40,2,0,0,0,0,0,0,0,0,0,0,0,0,0,0
595,Rosa,19,45,3,0,0,0,0,0,0,0,0,0,0,0,0,0,0
606,Randolph,19,39,1,180,0,0,0,5,0,0,0,0,0,6,0,3,0
616,Soucek,19,48,3,1039,3,0,1,18,1,0,0,0,0,0,3,41,0
626,Bowen,19,64,3,916,1,4,1,13,0,0,0,0,0,0,3,44,0
651,Lewis,19,45,3,0,0,0,0,0,0,0,0,0,0,0,0,0,0
664,Coventry,19,45,3,0,0,0,0,0,0,0,0,0,0,0,0,0,0
401,Doherty,20,65,2,2836,4,8,12,31,0,0,0,1,0,0,15,167,5
402,Jonny,20,55,2,2885,2,3,11,35,0,0,0,4,0,0,6,123,2
403,Coady,20,51,2,3420,0,0,13,40,0,0,0,5,0,0,7,118,0
405,Boly,20,49,2,1980,0,1,12,15,0,0,0,1,1,0,10,97,0
406,Vinagre,20,41,2,644,0,0,3,6,0,0,0,1,0,0,1,32,0
407,Saïss,20,47,2,2703,2,2,10,34,0,0,0,10,1,0,8,103,1
408,Kilman,20,39,2,184,0,0,0,2,0,0,0,0,0,0,0,5,0
409,Jiménez,20,80,4,3241,17,7,15,36,0,0,0,3,0,0,33,194,3
410,Jota,20,60,4,2278,7,3,10,28,0,0,0,4,0,0,12,105,3
411,Patrício,20,53,1,3420,0,0,13,40,0,2,0,0,0,90,8,153,0
412,Ruddy,20,42,1,0,0,0,0,0,0,0,0,0,0,0,0,0,0
413,Norris,20,39,1,0,0,0,0,0,0,0,0,0,0,0,0,0,0
414,Neves,20,52,3,3053,2,2,13,35,0,0,0,9,0,0,7,97,1
415,Moutinho,20,53,3,3105,1,7,11,36,0,0,0,7,0,0,12,113,0
416,Gibbs-White,20,47,3,125,0,1,0,2,0,0,0,0,0,0,0,11,0
417,Traoré,20,56,3,2599,4,9,7,33,0,0,0,1,0,0,14,130,4
418,Costa,20,48,3,0,0,0,0,0,0,0,0,0,0,0,0,0,0
419,Cavaleiro,20,49,3,0,0,0,0,0,0,0,0,0,0,0,0,0,0
420,Dendoncker,20,44,3,2790,4,0,11,34,1,0,0,5,0,0,9,100,2
473,Vallejo,20,46,2,162,0,0,0,6,0,0,0,1,0,0,0,1,0
487,Cutrone,20,54,4,292,2,0,1,6,0,0,0,0,0,0,0,23,0
528,Neto,20,49,3,920,3,3,1,12,0,0,0,3,0,0,0,57,0
559,Ashley-Seal,20,45,4,0,0,0,0,0,0,0,0,0,0,0,0,0,0
560,Perry,20,45,3,0,0,0,0,0,0,0,0,0,0,0,0,0,0
566,Otasowie,20,45,3,0,0,0,0,0,0,0,0,0,0,0,0,0,0
567,Cundle,20,45,3,0,0,0,0,0,0,0,0,0,0,0,0,0,0
587,Buur,20,40,2,0,0,0,0,0,0,0,0,0,0,0,0,0,0
607,Giles,20,39,2,0,0,0,0,0,0,0,0,0,0,0,0,0,0
609,Jordao,20,45,3,6,0,0,0,0,0,0,0,0,0,0,0,1,0
619,Podence,20,49,3,285,1,1,3,0,0,0,0,0,0,0,2,25,1
652,Campana,20,45,4,0,0,0,0,0,0,0,0,0,0,0,0,0,0
